{
	"format_version": "1.10.0",
	"particle_effect": {
		"description": {
			"identifier": "kaz",
			"basic_render_parameters": {
				"material": "particles_alpha",
				"texture": "textures/blocks/wool_colored_white"
			}
		},
		"components": {
			"minecraft:emitter_rate_steady": {
				"spawn_rate": 6,
				"max_particles": 100
			},
			"minecraft:emitter_lifetime_looping": {
				"active_time": 1
			},
			"minecraft:emitter_shape_point": {},
			"minecraft:particle_lifetime_expression": {
				"max_lifetime": 1
			},
			"minecraft:particle_initial_speed": 0,
			"minecraft:particle_motion_dynamic": {},
			"minecraft:particle_appearance_billboard": {
				"size": [
					2,
					2
				],
				"facing_camera_mode": "rotate_xyz",
				"uv": {
					"texture_width": 16,
					"texture_height": 16,
					"uv": [
						0,
						0
					],
					"uv_size": [
						16,
						16
					]
				}
			},
			"minecraft:particle_appearance_tinting": {
				"color": [
					0.13333,
					0.50196,
					0,
					1
				]
			}
		}
	}
}