{
	"format_version": "1.19.0",
	"minecraft:geometry": [
		{
			"description": {
				"identifier": "geometry.alien_block",
				"texture_width": 16,
				"texture_height": 16,
				"visible_bounds_width": 2,
				"visible_bounds_height": 2.5,
				"visible_bounds_offset": [0, 0.75, 0]
			},
			"bones": [
				{
					"name": "block",
					"pivot": [0, 0, 0],
					"cubes": [
						{
							"origin": [-8, 0, -8],
							"size": [16, 16, 16],
							"uv": {
								"north": {"uv": [0, 0], "uv_size": [16, 16]},
								"east": {"uv": [0, 0], "uv_size": [16, 16]},
								"south": {"uv": [0, 0], "uv_size": [16, 16]},
								"west": {"uv": [0, 0], "uv_size": [16, 16]},
								"up": {"uv": [16, 16], "uv_size": [-16, -16]},
								"down": {"uv": [16, 16], "uv_size": [-16, -16]}
							}
						},
						{
							"origin": [-1, 16, 6],
							"size": [2, 8, 2],
							"uv": {
								"north": {"uv": [0, 0], "uv_size": [2, 8]},
								"east": {"uv": [0, 0], "uv_size": [2, 8]},
								"south": {"uv": [0, 0], "uv_size": [2, 8]},
								"west": {"uv": [0, 0], "uv_size": [2, 8]},
								"up": {"uv": [2, 2], "uv_size": [-2, -2]},
								"down": {"uv": [2, 2], "uv_size": [-2, -2]}
							}
						},
						{
							"origin": [-1, 16, -8],
							"size": [2, 8, 2],
							"uv": {
								"north": {"uv": [0, 0], "uv_size": [2, 8]},
								"east": {"uv": [2, 0], "uv_size": [2, 8]},
								"south": {"uv": [4, 0], "uv_size": [2, 8]},
								"west": {"uv": [6, 0], "uv_size": [2, 8]},
								"up": {"uv": [0, 8], "uv_size": [2, 2]},
								"down": {"uv": [8, 2], "uv_size": [2, -2]}
							}
						}
					]
				}
			]
		}
	]
}