{
	"format_version": "1.19.0",
	"minecraft:geometry": [
		{
			"description": {
				"identifier": "geometry.bankje",
				"texture_width": 16,
				"texture_height": 16,
				"visible_bounds_width": 2,
				"visible_bounds_height": 2.5,
				"visible_bounds_offset": [0, 0.75, 0]
			},
			"bones": [
				{
					"name": "bb_main",
					"pivot": [0, 0, 0],
					"cubes": [
						{
							"origin": [-6, 14, -8],
							"size": [26, 2, 16],
							"uv": {
								"north": {"uv": [0, 0], "uv_size": [16, 2]},
								"east": {"uv": [0, 0], "uv_size": [16, 2]},
								"south": {"uv": [0, 0], "uv_size": [16, 2]},
								"west": {"uv": [0, 0], "uv_size": [16, 2]},
								"up": {"uv": [16, 16], "uv_size": [-16, -16]},
								"down": {"uv": [16, 16], "uv_size": [-16, -16]}
							}
						}
					]
				},
				{
					"name": "block",
					"pivot": [0, 0, 0],
					"cubes": [
						{
							"origin": [-8, 0, -8],
							"size": [2, 16, 16],
							"uv": {
								"north": {"uv": [8, 0], "uv_size": [2, 16]},
								"east": {"uv": [0, 0], "uv_size": [16, 16]},
								"south": {"uv": [6, 0], "uv_size": [2, 16]},
								"west": {"uv": [0, 0], "uv_size": [16, 16]},
								"up": {"uv": [8, 16], "uv_size": [-2, -16]},
								"down": {"uv": [8, 16], "uv_size": [-2, -16]}
							}
						},
						{
							"origin": [20, 0, -8],
							"size": [2, 16, 16],
							"uv": {
								"north": {"uv": [14, 0], "uv_size": [2, 16]},
								"east": {"uv": [0, 0], "uv_size": [16, 16]},
								"south": {"uv": [0, 0], "uv_size": [2, 16]},
								"west": {"uv": [0, 0], "uv_size": [16, 16]},
								"up": {"uv": [2, 16], "uv_size": [-2, -16]},
								"down": {"uv": [2, 16], "uv_size": [-2, -16]}
							}
						}
					]
				}
			]
		}
	]
}