{
	"format_version": "1.19.0",
	"minecraft:geometry": [
		{
			"description": {
				"identifier": "geometry.door",
				"texture_width": 64,
				"texture_height": 64,
				"visible_bounds_width": 2,
				"visible_bounds_height": 3.5,
				"visible_bounds_offset": [0, 1.25, 0]
			},
			"bones": [
				{
					"name": "bone",
					"pivot": [8, 0, -8],
					"cubes": [
						{
							"origin": [-8, 0, 1],
							"size": [16, 30, 7],
							"uv": {
								"north": {"uv": [0, 32], "uv_size": [16, 2]},
								"east": {"uv": [0, 34], "uv_size": [16, 2]},
								"south": {"uv": [0, 36], "uv_size": [16, 2]},
								"west": {"uv": [0, 38], "uv_size": [16, 2]},
								"up": {"uv": [0, 0], "uv_size": [16, 16]},
								"down": {"uv": [0, 32], "uv_size": [16, -16]}
							}
						}
					]
				},
				{
					"name": "bone2",
					"pivot": [0, 18, 0]
				}
			]
		}
	]
}