{
	"entity_sounds": {
		"entities": {
			"myname:alien2": {
				"events": {
					"ambient": "mob.allay.idle",
					"ambient.tame": "mob.allay.idle_holding",
					"death": "mob.allay.death",
					"hurt": "mob.allay.hurt"
				},
				"pitch": [0.8, 1.2],
				"volume": 1
			},
			"myname:block": {
				"events": {
					"ambient": "mob.wolf.bark",
					"death": "mob.wolf.death",
					"growl": "mob.wolf.growl",
					"hurt": "mob.wolf.hurt",
					"pant": "mob.wolf.panting",
					"shake": {
						"pitch": [0.8, 1.2],
						"sound": "mob.wolf.shake"
					},
					"step": {
						"pitch": 1,
						"sound": "mob.wolf.step",
						"volume": 0.65
					},
					"whine": "mob.wolf.whine"
				},
				"pitch": [0.8, 1.2],
				"volume": 1
			}
		}
	}
}