{
	"format_version": "1.12.0",
	"minecraft:geometry": [
		{
			"description": {
				"identifier": "geometry.auto",
				"texture_width": 128,
				"texture_height": 128,
				"visible_bounds_width": 4,
				"visible_bounds_height": 2.5,
				"visible_bounds_offset": [0, 0.75, 0]
			},
			"bones": [
				{
					"name": "root",
					"pivot": [0, 0, 0]
				},
				{
					"name": "body",
					"parent": "root",
					"pivot": [0, 0, 0],
					"cubes": [
						{"origin": [-9, 3, -16], "size": [18, 9, 32], "uv": [0, 0]}
					]
				},
				{
					"name": "steering_wheel",
					"parent": "body",
					"pivot": [0, 13, -7],
					"cubes": [
						{"origin": [-3, 10, -9], "size": [6, 6, 2], "uv": [0, 20]}
					]
				},
				{
					"name": "wheel_front_left",
					"parent": "root",
					"pivot": [10, 5, -13],
					"cubes": [
						{"origin": [9, 0, -18], "size": [6, 10, 10], "uv": [0, 0]}
					]
				},
				{
					"name": "wheel_front_right",
					"parent": "root",
					"pivot": [-10, 5, -13],
					"cubes": [
						{"origin": [-15, 0, -18], "size": [6, 10, 10], "uv": [0, 0], "mirror": true}
					]
				},
				{
					"name": "wheel_back_left",
					"parent": "root",
					"pivot": [10, 5, 13],
					"cubes": [
						{"origin": [9, 0, 8], "size": [6, 10, 10], "uv": [0, 0]}
					]
				},
				{
					"name": "wheel_back_right",
					"parent": "root",
					"pivot": [-10, 5, 13],
					"cubes": [
						{"origin": [-15, 0, 8], "size": [6, 10, 10], "uv": [0, 0], "mirror": true}
					]
				}
			]
		}
	]
}