{
	"format_version": "1.10.0",
	"minecraft:client_entity": {
		"description": {
			"identifier": "myname:bruh",
			"min_engine_version": "1.8.0",
			"materials": {
				"default": "entity_alphatest"
			},
			"textures": {
				"default": "textures/entity/bruh"
			},
			"animations": {
				"default_pose": "animation.bruh.default_pose",
				"no_pose": "animation.bruh.no_pose",
				"solemn_pose": "animation.bruh.solemn_pose",
				"athena_pose": "animation.bruh.athena_pose",
				"brandish_pose": "animation.bruh.brandish_pose",
				"honor_pose": "animation.bruh.honor_pose",
				"entertain_pose": "animation.bruh.entertain_pose",
				"salute_pose": "animation.bruh.salute_pose",
				"riposte_pose": "animation.bruh.riposte_pose",
				"zombie_pose": "animation.bruh.zombie_pose",
				"cancan_a_pose": "animation.bruh.cancan_a_pose",
				"cancan_b_pose": "animation.bruh.cancan_b_pose",
				"hero_pose": "animation.bruh.hero_pose",
				"wiggle": "animation.bruh.wiggle",
				"controller.pose": "controller.animation.armor_stand.pose",
				"controller.wiggling": "controller.animation.armor_stand.wiggle"
			},
			"scripts": {
				"initialize": ["variable.armor_stand.pose_index = 0;", "variable.armor_stand.hurt_time = 0;"],
				"animate": ["controller.pose", "controller.wiggling"]
			},
			"geometry": {
				"default": "geometry.bruh"
			},
			"render_controllers": ["controller.render.armor_stand"],
			"enable_attachables": true,
			"spawn_egg": {
				"base_color": "#00ffc8",
				"overlay_color": "#00fff6"
			}
		}
	}
}