{
	"format_version": "1.8.0",
	"minecraft:client_entity": {
		"description": {
			"identifier": "myname:kitty2",
			"materials": {
				"default": "cat"
			},
			"textures": {
				"white": "textures/entity/kitty2/white",
				"black": "textures/entity/cat/tuxedo",
				"red": "textures/entity/kitty2/red",
				"siamese": "textures/entity/kitty2/siamese",
				"british": "textures/entity/cat/britishshorthair",
				"calico": "textures/entity/kitty2/calico",
				"persian": "textures/entity/kitty2/persian",
				"ragdoll": "textures/entity/kitty2/ragdoll",
				"tabby": "textures/entity/kitty2/tabby",
				"jellie": "textures/entity/kitty2/jellie",
				"all_black": "textures/entity/cat/allblackcat",
				"white_tame": "textures/entity/kitty2/white_tame",
				"black_tame": "textures/entity/cat/tuxedo_tame",
				"red_tame": "textures/entity/cat/redtabby_tame",
				"siamese_tame": "textures/entity/cat/siamesecat_tame",
				"british_tame": "textures/entity/cat/britishshorthair_tame",
				"calico_tame": "textures/entity/kitty2/calico_tame",
				"persian_tame": "textures/entity/kitty2/persian_tame",
				"ragdoll_tame": "textures/entity/kitty2/ragdoll_tame",
				"tabby_tame": "textures/entity/kitty2/tabby_tame",
				"all_black_tame": "textures/entity/cat/allblackcat_tame",
				"jellie_tame": "textures/entity/kitty2/jellie_tame",
				"allblackcat_tame": "textures/entity/kitty2/allblackcat_tame",
				"allblackcat": "textures/entity/kitty2/allblackcat",
				"blackcat": "textures/entity/kitty2/blackcat",
				"britishshorthair_tame": "textures/entity/kitty2/britishshorthair_tame",
				"britishshorthair": "textures/entity/kitty2/britishshorthair",
				"graytabby_tame": "textures/entity/kitty2/graytabby_tame",
				"redtabby_tame": "textures/entity/kitty2/redtabby_tame",
				"redtabby": "textures/entity/kitty2/redtabby",
				"siamesecat_tame": "textures/entity/kitty2/siamesecat_tame",
				"siamesecat": "textures/entity/kitty2/siamesecat",
				"tuxedo_tame": "textures/entity/kitty2/tuxedo_tame",
				"tuxedo": "textures/entity/kitty2/tuxedo"
			},
			"geometry": {
				"default": "geometry.kitty2"
			},
			"animations": {
				"sneak": "animation.kitty2.sneak",
				"walk": "animation.kitty2.walk",
				"sprint": "animation.kitty2.sprint",
				"sit": "animation.kitty2.sit",
				"look_at_target": "animation.common.look_at_target",
				"baby_transform": "animation.kitty2.baby_transform",
				"lie_down": "animation.kitty2.lie_down"
			},
			"animation_controllers": [
				{
					"look_at_target": "controller.animation.cat.look_at_target"
				},
				{
					"move": "controller.animation.cat.move"
				},
				{
					"baby": "controller.animation.cat.baby"
				}
			],
			"render_controllers": ["controller.render.cat"],
			"spawn_egg": {
				"base_color": "#ff0000",
				"overlay_color": "#002fff"
			}
		}
	}
}