{
	"format_version": "1.8.0",
	"minecraft:client_entity": {
		"description": {
			"identifier": "myname:red_panda",
			"materials": {
				"default": "entity_alphatest"
			},
			"textures": {
				"default": "textures/entity/red_panda/red_panda",
				"lazy": "textures/entity/red_panda/lazy",
				"worried": "textures/entity/red_panda/worried",
				"playful": "textures/entity/red_panda/playful",
				"brown": "textures/entity/red_panda/brown",
				"weak": "textures/entity/panda/panda_sneezy",
				"aggressive": "textures/entity/red_panda/aggressive",
				"sneezy": "textures/entity/red_panda/sneezy"
			},
			"geometry": {
				"default": "geometry.red_panda"
			},
			"animations": {
				"unhappy": "animation.red_panda.unhappy",
				"sneezing": "animation.red_panda.sneezing",
				"walk": "animation.red_panda.walk",
				"look_at_target": "animation.common.look_at_target",
				"baby_transform": "animation.red_panda.baby_transform",
				"sitting": "animation.red_panda.sitting",
				"rolling": "animation.red_panda.rolling",
				"lying": "animation.red_panda.lying"
			},
			"animation_controllers": [
				{
					"move": "controller.animation.panda.move"
				},
				{
					"unhappy": "controller.animation.panda.unhappy"
				},
				{
					"sneezing": "controller.animation.panda.sneezing"
				},
				{
					"baby": "controller.animation.panda.baby"
				}
			],
			"render_controllers": ["controller.render.panda"],
			"spawn_egg": {
				"base_color": "#000000",
				"overlay_color": "#ff0000"
			}
		}
	}
}