{
	"resource_pack_name": "vanilla",
	"texture_name": "atlas.terrain",
	"padding": 8,
	"num_mip_levels": 4,
	"texture_data": {
		"diamond": {
			"textures": "textures/blocks/diamond.png"
		},
		"tafel": {
			"textures": "textures/blocks/tafel.png"
		},
		"red": {
			"textures": "textures/blocks/red.png"
		},
		"bankje": {
			"textures": "textures/blocks/bankje.png"
		},
		"alien_block": {
			"textures": "textures/blocks/alien_block.png"
		},
		"door": {
			"textures": "textures/blocks/door.png"
		},
		"admin_ore": {
			"textures": "textures/blocks/admin_ore.png"
		},
		"test": {
			"textures": "textures/blocks/test.png"
		}
	}
}