{
	"format_version": "1.10.0",
	"animation_controllers": {
		"controller.animation.npc2.baby": {
			"initial_state": "baby",
			"states": {
				"baby": {
					"animations": [
						{
							"baby_transform": "query.is_baby"
						}
					]
				}
			}
		},
		"controller.animation.npc2.general": {
			"initial_state": "default",
			"states": {
				"default": {
					"animations": [
						"general",
						{
							"look_at_target": "!query.is_sleeping"
						}
					]
				}
			}
		},
		"controller.animation.npc2.move": {
			"initial_state": "default",
			"states": {
				"default": {
					"animations": [
						{
							"move": "query.modified_move_speed"
						}
					]
				}
			}
		}
	}
}