{
	"format_version": "1.8.0",
	"minecraft:client_entity": {
		"description": {
			"identifier": "bridge:custome_npc1",
			"materials": {
				"default": "villager"
			},
			"textures": {
				"default": "textures/entity/custome_npc1"
			},
			"geometry": {
				"default": "geometry.custome_npc1"
			},
			"scripts": {
				"scale": 1
			},
			"animations": {
				"general": "animation.custome_npc1.general",
				"look_at_target": "animation.common.look_at_target",
				"raise_arms": "animation.custome_npc1.raise_arms",
				"move": "animation.custome_npc1.move"
			},
			"animation_controllers": [
				{
					"general": "controller.animation.custome_npc1.general"
				},
				{
					"raise_arms": "controller.animation.custome_npc1_v2.raise_arms"
				},
				{
					"move": "controller.animation.custome_npc1.move"
				}
			],
			"render_controllers": [
				"controller.render.custome_npc1"
			],
			"spawn_egg": {
				"base_color": "#000000",
				"overlay_color": "#FFFFFF"
			}
		}
	}
}