{
	"format_version": "1.8.0",
	"minecraft:client_entity": {
		"description": {
			"identifier": "bridge:npc2",
			"materials": {
				"default": "villager"
			},
			"textures": {
				"default": "textures/entity/npc2"
			},
			"geometry": {
				"default": "geometry.npc2"
			},
			"scripts": {
				"scale": 1
			},
			"animations": {
				"general": "animation.npc2.general",
				"look_at_target": "animation.common.look_at_target",
				"raise_arms": "animation.npc2.raise_arms",
				"move": "animation.npc2.move"
			},
			"animation_controllers": [
				{
					"general": "controller.animation.npc2.general"
				},
				{
					"raise_arms": "controller.animation.npc2_v2.raise_arms"
				},
				{
					"move": "controller.animation.npc2.move"
				}
			],
			"render_controllers": [
				"controller.render.npc2"
			],
			"spawn_egg": {
				"texture": "bridge_npc2_egg",
				"texture_index": 0
			}
		}
	}
}