{
	"format_version": "1.16.0",
	"minecraft:geometry": [
		{
			"description": {
				"identifier": "geometry.admin",
				"texture_width": 32,
				"texture_height": 32,
				"visible_bounds_width": 2,
				"visible_bounds_height": 2.5,
				"visible_bounds_offset": [0, 0.75, 0]
			},
			"bones": [
				{
					"name": "root_item",
					"pivot": [0, 0, 0],
					"binding": "q.item_slot_to_bone_name(c.item_slot)",
					"cubes": [
						{"origin": [-2.5, 0, -2.5], "size": [5, 5, 5], "uv": [0, 0]},
						{"origin": [-2.5, 5, 0], "size": [5, 3, 0], "pivot": [0, 0, 0], "rotation": [0, 45, 0], "uv": [0, 10]},
						{"origin": [2, 7, -4], "size": [2, 2, 2], "uv": [0, 0]}
					]
				}
			]
		}
	]
}