{
	"format_version": "1.16.0",
	"minecraft:geometry": [
		{
			"description": {
				"identifier": "geometry.laser3",
				"texture_width": 32,
				"texture_height": 32,
				"visible_bounds_width": 3,
				"visible_bounds_height": 3.5,
				"visible_bounds_offset": [0, 1.25, 0]
			},
			"bones": [
				{
					"name": "body",
					"pivot": [0, 24, 0]
				},
				{
					"name": "belt",
					"parent": "body",
					"pivot": [0, 12, 0],
					"binding": "'belt'",
					"cubes": [
						{"origin": [-4, 12, -2], "size": [8, 12, 4], "inflate": 0.51, "uv": [0, 0]}
					]
				},
				{
					"name": "leg_right",
					"pivot": [-1.9, 12, 0]
				},
				{
					"name": "leggings_right",
					"parent": "leg_right",
					"pivot": [-1.9, 12, 0],
					"binding": "'rightlegging'",
					"cubes": [
						{"origin": [-3.9, 0, -2], "size": [4, 12, 4], "inflate": 0.5, "uv": [0, 16]}
					]
				},
				{
					"name": "leg_left",
					"pivot": [1.9, 12, 0]
				},
				{
					"name": "leggings_left",
					"parent": "leg_left",
					"pivot": [1.9, 12, 0],
					"binding": "'leftlegging'",
					"cubes": [
						{"origin": [-0.1, 0, -2], "size": [4, 12, 4], "inflate": 0.5, "uv": [0, 16], "mirror": true}
					]
				}
			]
		}
	]
}