{
	"format_version": "1.8.0",
	"animations": {
		"animation.admin_sword.first_person_hold": {
			"loop": true,
			"animation_length": 4.91667,
			"bones": {
				"root_item": {
					"rotation": [66, 60, -60],
					"position": [3, 23, 4],
					"scale": {
						"0.0": [0.9, 1, 1],
						"4.9167": [1, 1, 1]
					}
				}
			}
		},
		"animation.admin_sword.third_person_hold": {
			"loop": true,
			"bones": {
				"root_item": {
					"rotation": [90, 0, 0],
					"position": [0.5, 22.5, -0.5]
				}
			}
		}
	}
}