{
	"format_version": "1.14.0",
	"sound_definitions": {
		"mob.custome_npc1.death": {
			"category": "neutral",
			"sounds": [
				"sounds/mob/villager/death"
			]
		},
		"mob.custome_npc1.haggle": {
			"category": "neutral",
			"sounds": [
				"sounds/mob/villager/haggle1",
				"sounds/mob/villager/haggle2",
				"sounds/mob/villager/haggle3"
			]
		},
		"mob.custome_npc1.hit": {
			"category": "neutral",
			"sounds": [
				"sounds/mob/villager/hit1",
				"sounds/mob/villager/hit2",
				"sounds/mob/villager/hit3",
				"sounds/mob/villager/hit4"
			]
		},
		"mob.custome_npc1.idle": {
			"category": "neutral",
			"sounds": [
				"sounds/mob/villager/idle1",
				"sounds/mob/villager/idle2",
				"sounds/mob/villager/idle3"
			]
		},
		"mob.custome_npc1.no": {
			"category": "neutral",
			"sounds": [
				"sounds/mob/villager/no1",
				"sounds/mob/villager/no2",
				"sounds/mob/villager/no3"
			]
		},
		"mob.custome_npc1.yes": {
			"category": "neutral",
			"sounds": [
				"sounds/mob/villager/yes1",
				"sounds/mob/villager/yes2",
				"sounds/mob/villager/yes3"
			]
		}
	}
}