{
	"texture_data": {
		"mandalorian_helmet": {
			"textures": "textures/items/mandalorian_helmet.png"
		},
		"laser4": {
			"textures": "textures/items/laser4.png"
		},
		"laser3": {
			"textures": "textures/items/laser3.png"
		},
		"laser2": {
			"textures": "textures/items/laser2.png"
		},
		"laser": {
			"textures": "textures/items/laser.png"
		},
		"het_zwaard_der_bloed": {
			"textures": "textures/items/het_zwaard_der_bloed.png"
		},
		"admin": {
			"textures": "textures/items/admin.png"
		},
		"particle_sword": {
			"textures": "textures/items/particle_sword.png"
		}
	}
}