{
	"format_version": "1.10.0",
	"minecraft:client_entity": {
		"description": {
			"identifier": "myname:alien2",
			"materials": {
				"default": "allay"
			},
			"textures": {
				"default": "textures/entity/alien2"
			},
			"geometry": {
				"default": "geometry.alien2"
			},
			"spawn_egg": {
				"base_color": "#000000",
				"overlay_color": "#0045ff"
			},
			"animations": {
				"idle": "animation.alien2.idle",
				"fly": "animation.alien2.fly",
				"hold_item": "animation.alien2.hold_item",
				"general": "controller.animation.allay.general",
				"holding": "controller.animation.allay.holding"
			},
			"scripts": {
				"pre_animation": ["variable.holding_trident = query.is_item_name_any('slot.weapon.mainhand', 'minecraft:trident');"],
				"animate": ["general", "holding"]
			},
			"render_controllers": ["controller.render.allay"],
			"enable_attachables": true
		}
	}
}