{
	"format_version": "1.19.0",
	"minecraft:client_entity": {
		"description": {
			"identifier": "myname:auto",
			"materials": {
				"default": "entity_alphatest"
			},
			"textures": {
				"default": "textures/entity/auto"
			},
			"geometry": {
				"default": "geometry.auto"
			},
			"render_controllers": ["controller.render.default"],
			"animations": {
				"drive": "animation.auto.drive"
			},
			"scripts": {
				"initialize": ["variable.steering = 0;"],
				"pre_animation": ["query.has_rider ? (variable.steering = Math.lerp(variable.steering, query.yaw_speed, 0.15));"],
				"animate": ["drive"]
			},
			"spawn_egg": {
				"base_color": "#000000",
				"overlay_color": "#84ff00"
			}
		}
	}
}