{
	"format_version": "1.10.0",
	"minecraft:client_entity": {
		"description": {
			"identifier": "myname:camera",
			"min_engine_version": "1.8.0",
			"materials": {
				"default": "entity_alphatest"
			},
			"textures": {
				"default": "textures/entity/camera"
			},
			"animations": {
				"default_pose": "animation.camera.default_pose",
				"no_pose": "animation.camera.no_pose",
				"solemn_pose": "animation.camera.solemn_pose",
				"athena_pose": "animation.camera.athena_pose",
				"brandish_pose": "animation.camera.brandish_pose",
				"honor_pose": "animation.camera.honor_pose",
				"entertain_pose": "animation.camera.entertain_pose",
				"salute_pose": "animation.camera.salute_pose",
				"riposte_pose": "animation.camera.riposte_pose",
				"zombie_pose": "animation.camera.zombie_pose",
				"cancan_a_pose": "animation.camera.cancan_a_pose",
				"cancan_b_pose": "animation.camera.cancan_b_pose",
				"hero_pose": "animation.camera.hero_pose",
				"wiggle": "animation.camera.wiggle",
				"controller.pose": "controller.animation.armor_stand.pose",
				"controller.wiggling": "controller.animation.armor_stand.wiggle"
			},
			"scripts": {
				"initialize": ["variable.armor_stand.pose_index = 0;", "variable.armor_stand.hurt_time = 0;"],
				"animate": ["controller.pose", "controller.wiggling"]
			},
			"geometry": {
				"default": "geometry.camera"
			},
			"render_controllers": ["controller.render.armor_stand"],
			"enable_attachables": true,
			"spawn_egg": {
				"base_color": "#000000",
				"overlay_color": "#0045ff"
			}
		}
	}
}