{
	"format_version": "1.16.0",
	"minecraft:geometry": [
		{
			"description": {
				"identifier": "geometry.admin",
				"texture_width": 16,
				"texture_height": 16,
				"visible_bounds_width": 3,
				"visible_bounds_height": 2.5,
				"visible_bounds_offset": [0, 0.75, 0]
			},
			"bones": [
				{
					"name": "bb_main",
					"pivot": [0, 0, 0],
					"cubes": [
						{"origin": [-1, 20, 1], "size": [2, 2, 2], "uv": [0, 0]},
						{"origin": [-1, 20, 3], "size": [2, 2, 2], "uv": [0, 0]},
						{"origin": [-1, 20, -3], "size": [2, 2, 2], "uv": [0, 0]},
						{"origin": [-1, 20, -5], "size": [2, 2, 2], "uv": [0, 0]},
						{"origin": [-1, 22, -5], "size": [2, 2, 2], "uv": [0, 0]},
						{"origin": [-1, 22, -3], "size": [2, 2, 2], "uv": [0, 0]},
						{"origin": [-1, 22, -1], "size": [2, 2, 2], "uv": [0, 0]},
						{"origin": [-1, 22, 0.1], "size": [2, 2, 2], "uv": [0, 0]},
						{"origin": [-1, 22, 2], "size": [2, 2, 2], "uv": [0, 0]},
						{"origin": [-1, 22, 3], "size": [2, 2, 2], "uv": [0, 0]},
						{"origin": [-1, 22, 6], "size": [2, 2, 2], "uv": [0, 0]},
						{"origin": [-1, 22, -8], "size": [2, 2, 2], "uv": [0, 0]},
						{"origin": [-1, 20, 8], "size": [2, 2, 2], "uv": [0, 0]},
						{"origin": [-1, 20, -10], "size": [2, 2, 2], "uv": [0, 0]}
					]
				},
				{
					"name": "root_item",
					"pivot": [0, 0, 0],
					"binding": "q.item_slot_to_bone_name(c.item_slot)",
					"cubes": [
						{"origin": [-1, -1, -1], "size": [2, 20, 2], "uv": [0, 6]}
					]
				},
				{
					"name": "bone",
					"pivot": [0, 0, 0],
					"cubes": [
						{"origin": [-1, 20, -1], "size": [2, 2, 2], "uv": [0, 0]}
					]
				}
			]
		}
	]
}