{
	"format_version": "1.12.0",
	"minecraft:geometry": [
		{
			"description": {
				"identifier": "geometry.minecraft:blocks",
				"texture_width": 64,
				"texture_height": 64,
				"visible_bounds_width": 2,
				"visible_bounds_height": 2.5,
				"visible_bounds_offset": [0, 0.75, 0]
			},
			"bones": [
				{
					"name": "bb_main",
					"pivot": [0, 0, 0],
					"cubes": [
						{
							"origin": [-8, 0, -8],
							"size": [16, 17, 16],
							"uv": {
								"north": {"uv": [0, 0], "uv_size": [16, 17]},
								"east": {"uv": [16, 0], "uv_size": [16, 17]},
								"south": {"uv": [0, 17], "uv_size": [16, 17]},
								"west": {"uv": [16, 17], "uv_size": [16, 17]},
								"up": {"uv": [32, 0], "uv_size": [16, 16]},
								"down": {"uv": [32, 32], "uv_size": [16, -16]}
							}
						}
					]
				}
			]
		}
	]
}