{
	"entity_sounds": {
		"entities": {
			"myname:red_panda": {
				"events": {
					"ambient": "mob.panda.idle",
					"ambient.aggressive": "mob.panda.idle.aggressive",
					"ambient.baby": "mob.panda_baby.idle",
					"ambient.worried": "mob.panda.idle.worried",
					"attack": "mob.panda.bite",
					"cant_breed": "mob.panda.cant_breed",
					"death": {
						"sound": "mob.panda.death",
						"volume": 0.82
					},
					"eat": "mob.panda.eat",
					"hurt": {
						"sound": "mob.panda.hurt",
						"volume": 0.82
					},
					"presneeze": "mob.panda.presneeze",
					"sneeze": "mob.panda.sneeze",
					"step": {
						"sound": "mob.panda.step",
						"volume": 0.4
					}
				},
				"pitch": [0.8, 1.2],
				"volume": 1
			},
			"myname:kitty2": {
				"events": {
					"ambient": "mob.cat.straymeow",
					"ambient.tame": "mob.cat.meow",
					"death": {
						"pitch": 0.9,
						"sound": "mob.cat.hit",
						"volume": 0.5
					},
					"eat": "mob.cat.eat",
					"hurt": {
						"sound": "mob.cat.hit",
						"volume": 0.45
					},
					"purr": "mob.cat.purr",
					"purreow": "mob.cat.purreow"
				},
				"pitch": [0.8, 1.2],
				"volume": 1
			}
		}
	}
}