{
	"format_version": "1.16.0",
	"minecraft:geometry": [
		{
			"description": {
				"identifier": "geometry.laser_eys",
				"texture_width": 32,
				"texture_height": 32,
				"visible_bounds_width": 3,
				"visible_bounds_height": 2.5,
				"visible_bounds_offset": [0, 0.75, 0]
			},
			"bones": [
				{
					"name": "root_item",
					"pivot": [0, 0, 0]
				},
				{
					"name": "helmet",
					"parent": "root_item",
					"pivot": [0, 0, 0],
					"binding": "'head'",
					"cubes": [
						{"origin": [-4, 0, -4], "size": [8, 8, 8], "inflate": 1, "uv": [0, 0]},
						{"origin": [-3, 6, -29], "size": [2, 2, 25], "uv": [-23, -23]},
						{"origin": [1, 6, -29], "size": [2, 2, 25], "uv": [-23, -23]}
					]
				}
			]
		}
	]
}